Source,Target,Type,Id,Label,timeset,Weight,number_of_coauthored_works
n0,n1,Undirected,e0,,,9,9
n0,n2,Undirected,e1,,,8,8
n1,n2,Undirected,e2,,,24,24
n2,n3,Undirected,e3,,,1,1
n3,n4,Undirected,e4,,,1,1
n3,n5,Undirected,e5,,,1,1
n3,n6,Undirected,e6,,,1,1
n3,n7,Undirected,e7,,,1,1
n3,n27,Undirected,e8,,,1,1
n3,n8,Undirected,e9,,,1,1
n2,n8,Undirected,e10,,,1,1
n4,n8,Undirected,e11,,,1,1
n5,n8,Undirected,e12,,,1,1
n6,n8,Undirected,e13,,,1,1
n7,n8,Undirected,e14,,,1,1
n27,n8,Undirected,e15,,,1,1
n2,n27,Undirected,e16,,,1,1
n4,n27,Undirected,e17,,,1,1
n5,n27,Undirected,e18,,,1,1
n6,n27,Undirected,e19,,,1,1
n7,n27,Undirected,e20,,,1,1
n2,n7,Undirected,e21,,,1,1
n4,n7,Undirected,e22,,,1,1
n5,n7,Undirected,e23,,,1,1
n6,n7,Undirected,e24,,,1,1
n2,n6,Undirected,e25,,,1,1
n4,n6,Undirected,e26,,,1,1
n5,n6,Undirected,e27,,,1,1
n2,n5,Undirected,e28,,,1,1
n4,n5,Undirected,e29,,,1,1
n2,n4,Undirected,e30,,,15,15
n9,n10,Undirected,e31,,,1,1
n9,n11,Undirected,e32,,,1,1
n2,n9,Undirected,e33,,,2,2
n9,n12,Undirected,e34,,,1,1
n9,n13,Undirected,e35,,,1,1
n10,n13,Undirected,e36,,,1,1
n11,n13,Undirected,e37,,,1,1
n2,n13,Undirected,e38,,,1,1
n12,n13,Undirected,e39,,,1,1
n10,n12,Undirected,e40,,,1,1
n11,n12,Undirected,e41,,,1,1
n2,n12,Undirected,e42,,,1,1
n2,n10,Undirected,e43,,,1,1
n2,n11,Undirected,e44,,,1,1
n10,n11,Undirected,e45,,,1,1
n14,n15,Undirected,e46,,,1,1
n2,n14,Undirected,e47,,,1,1
n14,n16,Undirected,e48,,,1,1
n14,n17,Undirected,e49,,,1,1
n14,n211,Undirected,e50,,,1,1
n14,n18,Undirected,e51,,,1,1
n15,n18,Undirected,e52,,,1,1
n2,n18,Undirected,e53,,,1,1
n16,n18,Undirected,e54,,,1,1
n17,n18,Undirected,e55,,,1,1
n211,n18,Undirected,e56,,,1,1
n15,n211,Undirected,e57,,,1,1
n2,n211,Undirected,e58,,,1,1
n16,n211,Undirected,e59,,,1,1
n17,n211,Undirected,e60,,,1,1
n15,n17,Undirected,e61,,,1,1
n2,n17,Undirected,e62,,,1,1
n16,n17,Undirected,e63,,,1,1
n15,n16,Undirected,e64,,,1,1
n2,n16,Undirected,e65,,,1,1
n2,n15,Undirected,e66,,,1,1
n2,n19,Undirected,e67,,,1,1
n2,n20,Undirected,e68,,,1,1
n2,n21,Undirected,e69,,,2,2
n19,n21,Undirected,e70,,,1,1
n4,n21,Undirected,e71,,,2,2
n20,n21,Undirected,e72,,,1,1
n19,n20,Undirected,e73,,,1,1
n4,n20,Undirected,e74,,,1,1
n4,n19,Undirected,e75,,,1,1
n22,n23,Undirected,e76,,,1,1
n22,n24,Undirected,e77,,,1,1
n22,n25,Undirected,e78,,,1,1
n22,n26,Undirected,e79,,,1,1
n22,n27,Undirected,e80,,,1,1
n22,n28,Undirected,e81,,,1,1
n22,n29,Undirected,e82,,,1,1
n2,n22,Undirected,e83,,,1,1
n22,n30,Undirected,e84,,,1,1
n22,n31,Undirected,e85,,,1,1
n23,n31,Undirected,e86,,,1,1
n24,n31,Undirected,e87,,,1,1
n25,n31,Undirected,e88,,,1,1
n26,n31,Undirected,e89,,,1,1
n27,n31,Undirected,e90,,,1,1
n28,n31,Undirected,e91,,,1,1
n29,n31,Undirected,e92,,,1,1
n2,n31,Undirected,e93,,,1,1
n30,n31,Undirected,e94,,,1,1
n23,n30,Undirected,e95,,,1,1
n24,n30,Undirected,e96,,,1,1
n25,n30,Undirected,e97,,,1,1
n26,n30,Undirected,e98,,,1,1
n27,n30,Undirected,e99,,,1,1
n28,n30,Undirected,e100,,,1,1
n29,n30,Undirected,e101,,,1,1
n2,n30,Undirected,e102,,,1,1
n2,n23,Undirected,e103,,,1,1
n2,n24,Undirected,e104,,,1,1
n2,n25,Undirected,e105,,,1,1
n2,n26,Undirected,e106,,,2,2
n2,n28,Undirected,e107,,,1,1
n2,n29,Undirected,e108,,,3,3
n23,n29,Undirected,e109,,,1,1
n24,n29,Undirected,e110,,,1,1
n25,n29,Undirected,e111,,,1,1
n26,n29,Undirected,e112,,,2,2
n27,n29,Undirected,e113,,,1,1
n28,n29,Undirected,e114,,,1,1
n23,n28,Undirected,e115,,,1,1
n24,n28,Undirected,e116,,,1,1
n25,n28,Undirected,e117,,,1,1
n26,n28,Undirected,e118,,,1,1
n27,n28,Undirected,e119,,,1,1
n23,n27,Undirected,e120,,,1,1
n24,n27,Undirected,e121,,,1,1
n25,n27,Undirected,e122,,,1,1
n26,n27,Undirected,e123,,,1,1
n23,n26,Undirected,e124,,,1,1
n24,n26,Undirected,e125,,,1,1
n25,n26,Undirected,e126,,,1,1
n23,n25,Undirected,e127,,,1,1
n24,n25,Undirected,e128,,,1,1
n23,n24,Undirected,e129,,,1,1
n1,n72,Undirected,e130,,,3,3
n1,n32,Undirected,e131,,,1,1
n0,n32,Undirected,e132,,,1,1
n72,n32,Undirected,e133,,,1,1
n2,n32,Undirected,e134,,,1,1
n2,n72,Undirected,e135,,,3,3
n0,n72,Undirected,e136,,,1,1
n2,n33,Undirected,e137,,,1,1
n9,n33,Undirected,e138,,,1,1
n4,n33,Undirected,e139,,,1,1
n4,n9,Undirected,e140,,,1,1
n34,n35,Undirected,e141,,,1,1
n34,n36,Undirected,e142,,,1,1
n34,n37,Undirected,e143,,,1,1
n34,n38,Undirected,e144,,,1,1
n34,n39,Undirected,e145,,,1,1
n34,n40,Undirected,e146,,,1,1
n34,n41,Undirected,e147,,,1,1
n2,n34,Undirected,e148,,,1,1
n34,n42,Undirected,e149,,,1,1
n34,n43,Undirected,e150,,,1,1
n34,n44,Undirected,e151,,,1,1
n34,n45,Undirected,e152,,,1,1
n35,n45,Undirected,e153,,,1,1
n36,n45,Undirected,e154,,,1,1
n37,n45,Undirected,e155,,,1,1
n38,n45,Undirected,e156,,,1,1
n39,n45,Undirected,e157,,,1,1
n40,n45,Undirected,e158,,,1,1
n41,n45,Undirected,e159,,,1,1
n2,n45,Undirected,e160,,,1,1
n42,n45,Undirected,e161,,,1,1
n43,n45,Undirected,e162,,,1,1
n44,n45,Undirected,e163,,,1,1
n35,n44,Undirected,e164,,,1,1
n36,n44,Undirected,e165,,,1,1
n37,n44,Undirected,e166,,,1,1
n38,n44,Undirected,e167,,,1,1
n39,n44,Undirected,e168,,,1,1
n40,n44,Undirected,e169,,,1,1
n41,n44,Undirected,e170,,,1,1
n2,n44,Undirected,e171,,,1,1
n42,n44,Undirected,e172,,,1,1
n43,n44,Undirected,e173,,,1,1
n35,n43,Undirected,e174,,,1,1
n36,n43,Undirected,e175,,,1,1
n37,n43,Undirected,e176,,,1,1
n38,n43,Undirected,e177,,,1,1
n39,n43,Undirected,e178,,,1,1
n40,n43,Undirected,e179,,,1,1
n41,n43,Undirected,e180,,,1,1
n2,n43,Undirected,e181,,,1,1
n42,n43,Undirected,e182,,,1,1
n35,n42,Undirected,e183,,,1,1
n36,n42,Undirected,e184,,,1,1
n37,n42,Undirected,e185,,,1,1
n38,n42,Undirected,e186,,,1,1
n39,n42,Undirected,e187,,,1,1
n40,n42,Undirected,e188,,,1,1
n41,n42,Undirected,e189,,,1,1
n2,n42,Undirected,e190,,,1,1
n2,n35,Undirected,e191,,,1,1
n2,n36,Undirected,e192,,,1,1
n2,n37,Undirected,e193,,,1,1
n2,n38,Undirected,e194,,,1,1
n2,n39,Undirected,e195,,,1,1
n2,n40,Undirected,e196,,,1,1
n2,n41,Undirected,e197,,,1,1
n35,n41,Undirected,e198,,,1,1
n36,n41,Undirected,e199,,,1,1
n37,n41,Undirected,e200,,,1,1
n38,n41,Undirected,e201,,,1,1
n39,n41,Undirected,e202,,,1,1
n40,n41,Undirected,e203,,,1,1
n35,n40,Undirected,e204,,,1,1
n36,n40,Undirected,e205,,,1,1
n37,n40,Undirected,e206,,,1,1
n38,n40,Undirected,e207,,,1,1
n39,n40,Undirected,e208,,,1,1
n35,n39,Undirected,e209,,,1,1
n36,n39,Undirected,e210,,,1,1
n37,n39,Undirected,e211,,,1,1
n38,n39,Undirected,e212,,,1,1
n35,n38,Undirected,e213,,,1,1
n36,n38,Undirected,e214,,,1,1
n37,n38,Undirected,e215,,,1,1
n35,n37,Undirected,e216,,,1,1
n36,n37,Undirected,e217,,,1,1
n35,n36,Undirected,e218,,,1,1
n1,n46,Undirected,e219,,,1,1
n1,n47,Undirected,e220,,,3,3
n0,n47,Undirected,e221,,,2,2
n2,n47,Undirected,e222,,,4,4
n46,n47,Undirected,e223,,,1,1
n0,n46,Undirected,e224,,,1,1
n2,n46,Undirected,e225,,,1,1
n4,n48,Undirected,e226,,,2,2
n1,n4,Undirected,e227,,,10,10
n2,n48,Undirected,e228,,,2,2
n1,n48,Undirected,e229,,,1,1
n1,n49,Undirected,e230,,,1,1
n49,n50,Undirected,e231,,,1,1
n49,n51,Undirected,e232,,,1,1
n2,n49,Undirected,e233,,,1,1
n49,n52,Undirected,e234,,,1,1
n49,n53,Undirected,e235,,,1,1
n49,n54,Undirected,e236,,,1,1
n1,n54,Undirected,e237,,,1,1
n50,n54,Undirected,e238,,,1,1
n51,n54,Undirected,e239,,,1,1
n2,n54,Undirected,e240,,,1,1
n52,n54,Undirected,e241,,,1,1
n53,n54,Undirected,e242,,,1,1
n1,n53,Undirected,e243,,,1,1
n50,n53,Undirected,e244,,,1,1
n51,n53,Undirected,e245,,,1,1
n2,n53,Undirected,e246,,,1,1
n52,n53,Undirected,e247,,,1,1
n1,n52,Undirected,e248,,,1,1
n50,n52,Undirected,e249,,,1,1
n51,n52,Undirected,e250,,,1,1
n2,n52,Undirected,e251,,,1,1
n2,n50,Undirected,e252,,,1,1
n2,n51,Undirected,e253,,,3,3
n1,n51,Undirected,e254,,,3,3
n50,n51,Undirected,e255,,,1,1
n1,n50,Undirected,e256,,,1,1
n55,n56,Undirected,e257,,,1,1
n55,n57,Undirected,e258,,,1,1
n55,n58,Undirected,e259,,,1,1
n55,n59,Undirected,e260,,,1,1
n2,n55,Undirected,e261,,,1,1
n55,n60,Undirected,e262,,,1,1
n56,n60,Undirected,e263,,,1,1
n57,n60,Undirected,e264,,,1,1
n58,n60,Undirected,e265,,,1,1
n59,n60,Undirected,e266,,,4,4
n2,n60,Undirected,e267,,,10,10
n2,n56,Undirected,e268,,,1,1
n2,n57,Undirected,e269,,,1,1
n2,n58,Undirected,e270,,,1,1
n2,n59,Undirected,e271,,,3,3
n56,n59,Undirected,e272,,,1,1
n57,n59,Undirected,e273,,,1,1
n58,n59,Undirected,e274,,,1,1
n56,n58,Undirected,e275,,,1,1
n57,n58,Undirected,e276,,,1,1
n56,n57,Undirected,e277,,,1,1
n1,n61,Undirected,e278,,,1,1
n1,n19,Undirected,e279,,,1,1
n2,n61,Undirected,e280,,,1,1
n61,n19,Undirected,e281,,,1,1
n0,n19,Undirected,e282,,,1,1
n4,n61,Undirected,e283,,,1,1
n0,n4,Undirected,e284,,,1,1
n0,n61,Undirected,e285,,,1,1
n62,n63,Undirected,e286,,,1,1
n2,n62,Undirected,e287,,,1,1
n62,n64,Undirected,e288,,,1,1
n62,n65,Undirected,e289,,,1,1
n62,n66,Undirected,e290,,,1,1
n63,n66,Undirected,e291,,,1,1
n2,n66,Undirected,e292,,,1,1
n64,n66,Undirected,e293,,,1,1
n65,n66,Undirected,e294,,,1,1
n63,n65,Undirected,e295,,,1,1
n2,n65,Undirected,e296,,,1,1
n64,n65,Undirected,e297,,,1,1
n63,n64,Undirected,e298,,,1,1
n2,n64,Undirected,e299,,,1,1
n2,n63,Undirected,e300,,,1,1
n4,n78,Undirected,e301,,,1,1
n48,n78,Undirected,e302,,,1,1
n2,n78,Undirected,e303,,,1,1
n21,n78,Undirected,e304,,,1,1
n21,n48,Undirected,e305,,,1,1
n67,n68,Undirected,e306,,,1,1
n67,n69,Undirected,e307,,,1,1
n29,n67,Undirected,e308,,,1,1
n26,n67,Undirected,e309,,,1,1
n2,n67,Undirected,e310,,,1,1
n2,n68,Undirected,e311,,,1,1
n2,n69,Undirected,e312,,,1,1
n26,n68,Undirected,e313,,,1,1
n26,n69,Undirected,e314,,,1,1
n29,n68,Undirected,e315,,,1,1
n29,n69,Undirected,e316,,,1,1
n68,n69,Undirected,e317,,,1,1
n1,n70,Undirected,e318,,,1,1
n1,n71,Undirected,e319,,,1,1
n4,n72,Undirected,e320,,,2,2
n70,n72,Undirected,e321,,,1,1
n71,n72,Undirected,e322,,,1,1
n4,n71,Undirected,e323,,,1,1
n2,n71,Undirected,e324,,,1,1
n70,n71,Undirected,e325,,,1,1
n4,n70,Undirected,e326,,,1,1
n2,n70,Undirected,e327,,,1,1
n73,n74,Undirected,e328,,,1,1
n73,n75,Undirected,e329,,,1,1
n2,n73,Undirected,e330,,,1,1
n73,n76,Undirected,e331,,,1,1
n74,n76,Undirected,e332,,,1,1
n75,n76,Undirected,e333,,,1,1
n2,n76,Undirected,e334,,,2,2
n2,n74,Undirected,e335,,,1,1
n2,n75,Undirected,e336,,,1,1
n74,n75,Undirected,e337,,,1,1
n60,n77,Undirected,e338,,,1,1
n60,n78,Undirected,e339,,,10,10
n59,n77,Undirected,e340,,,1,1
n59,n78,Undirected,e341,,,2,2
n77,n78,Undirected,e342,,,1,1
n2,n77,Undirected,e343,,,1,1
n4,n79,Undirected,e344,,,1,1
n79,n80,Undirected,e345,,,1,1
n2,n79,Undirected,e346,,,1,1
n2,n80,Undirected,e347,,,1,1
n4,n80,Undirected,e348,,,1,1
n1,n81,Undirected,e349,,,1,1
n2,n81,Undirected,e350,,,1,1
n47,n81,Undirected,e351,,,1,1
n2,n82,Undirected,e352,,,1,1
n2,n83,Undirected,e353,,,2,2
n2,n84,Undirected,e354,,,1,1
n2,n85,Undirected,e355,,,1,1
n2,n86,Undirected,e356,,,1,1
n0,n86,Undirected,e357,,,1,1
n1,n86,Undirected,e358,,,1,1
n82,n86,Undirected,e359,,,1,1
n83,n86,Undirected,e360,,,1,1
n84,n86,Undirected,e361,,,1,1
n85,n86,Undirected,e362,,,1,1
n0,n85,Undirected,e363,,,1,1
n1,n85,Undirected,e364,,,1,1
n82,n85,Undirected,e365,,,1,1
n83,n85,Undirected,e366,,,1,1
n84,n85,Undirected,e367,,,1,1
n0,n84,Undirected,e368,,,1,1
n1,n84,Undirected,e369,,,1,1
n82,n84,Undirected,e370,,,1,1
n83,n84,Undirected,e371,,,1,1
n0,n83,Undirected,e372,,,2,2
n1,n83,Undirected,e373,,,2,2
n82,n83,Undirected,e374,,,1,1
n0,n82,Undirected,e375,,,1,1
n1,n82,Undirected,e376,,,1,1
n47,n60,Undirected,e377,,,1,1
n60,n87,Undirected,e378,,,1,1
n47,n87,Undirected,e379,,,1,1
n59,n87,Undirected,e380,,,1,1
n2,n87,Undirected,e381,,,1,1
n47,n59,Undirected,e382,,,1,1
n88,n89,Undirected,e383,,,1,1
n88,n90,Undirected,e384,,,1,1
n2,n88,Undirected,e385,,,1,1
n2,n89,Undirected,e386,,,1,1
n2,n90,Undirected,e387,,,3,3
n89,n90,Undirected,e388,,,1,1
n91,n92,Undirected,e389,,,1,1
n91,n93,Undirected,e390,,,1,1
n91,n94,Undirected,e391,,,3,3
n91,n95,Undirected,e392,,,1,1
n91,n96,Undirected,e393,,,1,1
n91,n97,Undirected,e394,,,1,1
n91,n98,Undirected,e395,,,1,1
n2,n91,Undirected,e396,,,1,1
n91,n99,Undirected,e397,,,1,1
n91,n100,Undirected,e398,,,1,1
n91,n101,Undirected,e399,,,1,1
n91,n102,Undirected,e400,,,1,1
n91,n103,Undirected,e401,,,1,1
n91,n104,Undirected,e402,,,1,1
n91,n134,Undirected,e403,,,1,1
n91,n105,Undirected,e404,,,1,1
n91,n106,Undirected,e405,,,1,1
n92,n106,Undirected,e406,,,1,1
n93,n106,Undirected,e407,,,1,1
n94,n106,Undirected,e408,,,1,1
n95,n106,Undirected,e409,,,1,1
n96,n106,Undirected,e410,,,1,1
n97,n106,Undirected,e411,,,1,1
n98,n106,Undirected,e412,,,1,1
n2,n106,Undirected,e413,,,1,1
n99,n106,Undirected,e414,,,1,1
n100,n106,Undirected,e415,,,1,1
n101,n106,Undirected,e416,,,1,1
n102,n106,Undirected,e417,,,1,1
n103,n106,Undirected,e418,,,1,1
n104,n106,Undirected,e419,,,1,1
n134,n106,Undirected,e420,,,1,1
n105,n106,Undirected,e421,,,1,1
n92,n105,Undirected,e422,,,1,1
n93,n105,Undirected,e423,,,1,1
n94,n105,Undirected,e424,,,1,1
n95,n105,Undirected,e425,,,1,1
n96,n105,Undirected,e426,,,1,1
n97,n105,Undirected,e427,,,1,1
n98,n105,Undirected,e428,,,1,1
n2,n105,Undirected,e429,,,1,1
n99,n105,Undirected,e430,,,1,1
n100,n105,Undirected,e431,,,1,1
n101,n105,Undirected,e432,,,1,1
n102,n105,Undirected,e433,,,1,1
n103,n105,Undirected,e434,,,1,1
n104,n105,Undirected,e435,,,1,1
n134,n105,Undirected,e436,,,1,1
n92,n134,Undirected,e437,,,1,1
n93,n134,Undirected,e438,,,1,1
n94,n134,Undirected,e439,,,1,1
n95,n134,Undirected,e440,,,1,1
n96,n134,Undirected,e441,,,1,1
n97,n134,Undirected,e442,,,1,1
n98,n134,Undirected,e443,,,1,1
n2,n134,Undirected,e444,,,1,1
n99,n134,Undirected,e445,,,1,1
n100,n134,Undirected,e446,,,1,1
n101,n134,Undirected,e447,,,1,1
n102,n134,Undirected,e448,,,1,1
n103,n134,Undirected,e449,,,1,1
n104,n134,Undirected,e450,,,1,1
n92,n104,Undirected,e451,,,1,1
n93,n104,Undirected,e452,,,1,1
n94,n104,Undirected,e453,,,1,1
n95,n104,Undirected,e454,,,1,1
n96,n104,Undirected,e455,,,1,1
n97,n104,Undirected,e456,,,1,1
n98,n104,Undirected,e457,,,1,1
n2,n104,Undirected,e458,,,1,1
n99,n104,Undirected,e459,,,1,1
n100,n104,Undirected,e460,,,1,1
n101,n104,Undirected,e461,,,1,1
n102,n104,Undirected,e462,,,1,1
n103,n104,Undirected,e463,,,1,1
n92,n103,Undirected,e464,,,1,1
n93,n103,Undirected,e465,,,1,1
n94,n103,Undirected,e466,,,1,1
n95,n103,Undirected,e467,,,1,1
n96,n103,Undirected,e468,,,1,1
n97,n103,Undirected,e469,,,1,1
n98,n103,Undirected,e470,,,1,1
n2,n103,Undirected,e471,,,1,1
n99,n103,Undirected,e472,,,1,1
n100,n103,Undirected,e473,,,1,1
n101,n103,Undirected,e474,,,1,1
n102,n103,Undirected,e475,,,1,1
n92,n102,Undirected,e476,,,1,1
n93,n102,Undirected,e477,,,1,1
n94,n102,Undirected,e478,,,1,1
n95,n102,Undirected,e479,,,1,1
n96,n102,Undirected,e480,,,1,1
n97,n102,Undirected,e481,,,1,1
n98,n102,Undirected,e482,,,1,1
n2,n102,Undirected,e483,,,1,1
n99,n102,Undirected,e484,,,1,1
n100,n102,Undirected,e485,,,1,1
n101,n102,Undirected,e486,,,1,1
n92,n101,Undirected,e487,,,1,1
n93,n101,Undirected,e488,,,1,1
n94,n101,Undirected,e489,,,1,1
n95,n101,Undirected,e490,,,1,1
n96,n101,Undirected,e491,,,1,1
n97,n101,Undirected,e492,,,1,1
n98,n101,Undirected,e493,,,1,1
n2,n101,Undirected,e494,,,1,1
n99,n101,Undirected,e495,,,1,1
n100,n101,Undirected,e496,,,1,1
n92,n100,Undirected,e497,,,1,1
n93,n100,Undirected,e498,,,1,1
n94,n100,Undirected,e499,,,1,1
n95,n100,Undirected,e500,,,1,1
n96,n100,Undirected,e501,,,1,1
n97,n100,Undirected,e502,,,1,1
n98,n100,Undirected,e503,,,1,1
n2,n100,Undirected,e504,,,1,1
n99,n100,Undirected,e505,,,1,1
n92,n99,Undirected,e506,,,1,1
n93,n99,Undirected,e507,,,1,1
n94,n99,Undirected,e508,,,1,1
n95,n99,Undirected,e509,,,1,1
n96,n99,Undirected,e510,,,1,1
n97,n99,Undirected,e511,,,1,1
n98,n99,Undirected,e512,,,1,1
n2,n99,Undirected,e513,,,1,1
n2,n92,Undirected,e514,,,1,1
n2,n93,Undirected,e515,,,1,1
n2,n94,Undirected,e516,,,1,1
n2,n95,Undirected,e517,,,1,1
n2,n96,Undirected,e518,,,1,1
n2,n97,Undirected,e519,,,1,1
n2,n98,Undirected,e520,,,1,1
n92,n98,Undirected,e521,,,1,1
n93,n98,Undirected,e522,,,1,1
n94,n98,Undirected,e523,,,1,1
n95,n98,Undirected,e524,,,1,1
n96,n98,Undirected,e525,,,1,1
n97,n98,Undirected,e526,,,1,1
n92,n97,Undirected,e527,,,1,1
n93,n97,Undirected,e528,,,1,1
n94,n97,Undirected,e529,,,1,1
n95,n97,Undirected,e530,,,1,1
n96,n97,Undirected,e531,,,1,1
n92,n96,Undirected,e532,,,1,1
n93,n96,Undirected,e533,,,1,1
n94,n96,Undirected,e534,,,1,1
n95,n96,Undirected,e535,,,1,1
n92,n95,Undirected,e536,,,1,1
n93,n95,Undirected,e537,,,1,1
n94,n95,Undirected,e538,,,1,1
n92,n94,Undirected,e539,,,1,1
n93,n94,Undirected,e540,,,1,1
n92,n93,Undirected,e541,,,1,1
n60,n107,Undirected,e542,,,1,1
n60,n108,Undirected,e543,,,1,1
n60,n109,Undirected,e544,,,1,1
n60,n110,Undirected,e545,,,1,1
n60,n111,Undirected,e546,,,1,1
n78,n107,Undirected,e547,,,1,1
n78,n108,Undirected,e548,,,1,1
n78,n109,Undirected,e549,,,1,1
n78,n110,Undirected,e550,,,1,1
n78,n111,Undirected,e551,,,1,1
n59,n111,Undirected,e552,,,1,1
n107,n111,Undirected,e553,,,1,1
n2,n111,Undirected,e554,,,1,1
n108,n111,Undirected,e555,,,1,1
n109,n111,Undirected,e556,,,1,1
n110,n111,Undirected,e557,,,1,1
n59,n110,Undirected,e558,,,1,1
n107,n110,Undirected,e559,,,1,1
n2,n110,Undirected,e560,,,1,1
n108,n110,Undirected,e561,,,1,1
n109,n110,Undirected,e562,,,1,1
n59,n109,Undirected,e563,,,1,1
n107,n109,Undirected,e564,,,1,1
n2,n109,Undirected,e565,,,1,1
n108,n109,Undirected,e566,,,1,1
n59,n108,Undirected,e567,,,1,1
n107,n108,Undirected,e568,,,1,1
n2,n108,Undirected,e569,,,1,1
n2,n107,Undirected,e570,,,1,1
n59,n107,Undirected,e571,,,1,1
n2,n112,Undirected,e572,,,1,1
n2,n113,Undirected,e573,,,1,1
n2,n114,Undirected,e574,,,1,1
n2,n115,Undirected,e575,,,1,1
n2,n116,Undirected,e576,,,1,1
n2,n117,Undirected,e577,,,1,1
n2,n118,Undirected,e578,,,1,1
n2,n119,Undirected,e579,,,1,1
n2,n120,Undirected,e580,,,1,1
n2,n121,Undirected,e581,,,1,1
n112,n121,Undirected,e582,,,1,1
n113,n121,Undirected,e583,,,1,1
n114,n121,Undirected,e584,,,1,1
n115,n121,Undirected,e585,,,1,1
n116,n121,Undirected,e586,,,1,1
n117,n121,Undirected,e587,,,1,1
n118,n121,Undirected,e588,,,1,1
n119,n121,Undirected,e589,,,1,1
n120,n121,Undirected,e590,,,1,1
n27,n121,Undirected,e591,,,1,1
n27,n112,Undirected,e592,,,1,1
n27,n113,Undirected,e593,,,1,1
n27,n114,Undirected,e594,,,1,1
n27,n115,Undirected,e595,,,1,1
n27,n116,Undirected,e596,,,1,1
n27,n117,Undirected,e597,,,1,1
n27,n118,Undirected,e598,,,1,1
n27,n119,Undirected,e599,,,1,1
n27,n120,Undirected,e600,,,1,1
n112,n120,Undirected,e601,,,1,1
n113,n120,Undirected,e602,,,1,1
n114,n120,Undirected,e603,,,1,1
n115,n120,Undirected,e604,,,1,1
n116,n120,Undirected,e605,,,1,1
n117,n120,Undirected,e606,,,1,1
n118,n120,Undirected,e607,,,1,1
n119,n120,Undirected,e608,,,1,1
n112,n119,Undirected,e609,,,1,1
n113,n119,Undirected,e610,,,1,1
n114,n119,Undirected,e611,,,1,1
n115,n119,Undirected,e612,,,1,1
n116,n119,Undirected,e613,,,1,1
n117,n119,Undirected,e614,,,1,1
n118,n119,Undirected,e615,,,1,1
n112,n118,Undirected,e616,,,1,1
n113,n118,Undirected,e617,,,1,1
n114,n118,Undirected,e618,,,1,1
n115,n118,Undirected,e619,,,1,1
n116,n118,Undirected,e620,,,1,1
n117,n118,Undirected,e621,,,1,1
n112,n117,Undirected,e622,,,1,1
n113,n117,Undirected,e623,,,1,1
n114,n117,Undirected,e624,,,1,1
n115,n117,Undirected,e625,,,1,1
n116,n117,Undirected,e626,,,1,1
n112,n116,Undirected,e627,,,1,1
n113,n116,Undirected,e628,,,1,1
n114,n116,Undirected,e629,,,1,1
n115,n116,Undirected,e630,,,1,1
n112,n115,Undirected,e631,,,1,1
n113,n115,Undirected,e632,,,1,1
n114,n115,Undirected,e633,,,1,1
n112,n114,Undirected,e634,,,1,1
n113,n114,Undirected,e635,,,1,1
n112,n113,Undirected,e636,,,1,1
n0,n122,Undirected,e637,,,1,1
n2,n122,Undirected,e638,,,1,1
n122,n123,Undirected,e639,,,1,1
n122,n112,Undirected,e640,,,1,1
n0,n112,Undirected,e641,,,1,1
n123,n112,Undirected,e642,,,1,1
n0,n123,Undirected,e643,,,1,1
n2,n123,Undirected,e644,,,1,1
n2,n124,Undirected,e645,,,1,1
n76,n124,Undirected,e646,,,1,1
n60,n125,Undirected,e647,,,7,7
n2,n125,Undirected,e648,,,6,6
n78,n125,Undirected,e649,,,7,7
n60,n126,Undirected,e650,,,2,2
n126,n2,Undirected,e651,,,1,1
n126,n127,Undirected,e652,,,1,1
n78,n126,Undirected,e653,,,2,2
n126,n128,Undirected,e654,,,1,1
n60,n128,Undirected,e655,,,1,1
n2,n128,Undirected,e656,,,1,1
n127,n128,Undirected,e657,,,1,1
n78,n128,Undirected,e658,,,1,1
n78,n127,Undirected,e659,,,1,1
n60,n127,Undirected,e660,,,1,1
n2,n127,Undirected,e661,,,1,1
n129,n130,Undirected,e662,,,1,1
n129,n131,Undirected,e663,,,1,1
n2,n129,Undirected,e664,,,1,1
n2,n130,Undirected,e665,,,1,1
n2,n131,Undirected,e666,,,1,1
n130,n131,Undirected,e667,,,1,1
n1,n132,Undirected,e668,,,1,1
n2,n132,Undirected,e669,,,1,1
n51,n132,Undirected,e670,,,1,1
n4,n132,Undirected,e671,,,1,1
n72,n132,Undirected,e672,,,1,1
n132,n133,Undirected,e673,,,1,1
n1,n133,Undirected,e674,,,1,1
n2,n133,Undirected,e675,,,1,1
n51,n133,Undirected,e676,,,1,1
n4,n133,Undirected,e677,,,1,1
n72,n133,Undirected,e678,,,1,1
n72,n51,Undirected,e679,,,1,1
n4,n51,Undirected,e680,,,2,2
n91,n135,Undirected,e681,,,2,2
n94,n135,Undirected,e682,,,2,2
n2,n135,Undirected,e683,,,2,2
n134,n135,Undirected,e684,,,2,2
n2,n136,Undirected,e685,,,1,1
n60,n137,Undirected,e686,,,1,1
n60,n138,Undirected,e687,,,1,1
n126,n137,Undirected,e688,,,1,1
n125,n126,Undirected,e689,,,1,1
n126,n138,Undirected,e690,,,1,1
n137,n138,Undirected,e691,,,1,1
n125,n138,Undirected,e692,,,1,1
n2,n138,Undirected,e693,,,1,1
n78,n138,Undirected,e694,,,1,1
n78,n137,Undirected,e695,,,1,1
n2,n137,Undirected,e696,,,1,1
n125,n137,Undirected,e697,,,1,1
n139,n140,Undirected,e698,,,1,1
n60,n139,Undirected,e699,,,1,1
n139,n141,Undirected,e700,,,1,1
n2,n139,Undirected,e701,,,1,1
n2,n140,Undirected,e702,,,1,1
n2,n141,Undirected,e703,,,1,1
n140,n141,Undirected,e704,,,1,1
n60,n141,Undirected,e705,,,1,1
n60,n140,Undirected,e706,,,1,1
n60,n142,Undirected,e707,,,1,1
n78,n142,Undirected,e708,,,1,1
n2,n142,Undirected,e709,,,1,1
n125,n142,Undirected,e710,,,1,1
n2,n143,Undirected,e711,,,1,1
n2,n144,Undirected,e712,,,1,1
n143,n144,Undirected,e713,,,1,1
n2,n145,Undirected,e714,,,1,1
n2,n146,Undirected,e715,,,1,1
n145,n146,Undirected,e716,,,1,1
n90,n146,Undirected,e717,,,1,1
n55,n146,Undirected,e718,,,1,1
n55,n145,Undirected,e719,,,1,1
n55,n90,Undirected,e720,,,1,1
n90,n145,Undirected,e721,,,1,1
n147,n148,Undirected,e722,,,1,1
n2,n147,Undirected,e724,,,1,1
n147,n150,Undirected,e725,,,1,1
n147,n183,Undirected,e726,,,1,1
n148,n183,Undirected,e727,,,1,1
n2,n183,Undirected,e729,,,1,1
n150,n183,Undirected,e730,,,1,1
n148,n150,Undirected,e731,,,1,1
n2,n150,Undirected,e733,,,1,1
n2,n148,Undirected,e734,,,1,1
n1,n151,Undirected,e737,,,1,1
n2,n151,Undirected,e738,,,1,1
n151,n152,Undirected,e739,,,1,1
n4,n151,Undirected,e740,,,1,1
n151,n153,Undirected,e741,,,1,1
n72,n151,Undirected,e742,,,1,1
n51,n151,Undirected,e743,,,1,1
n51,n152,Undirected,e744,,,1,1
n51,n153,Undirected,e745,,,1,1
n72,n152,Undirected,e746,,,1,1
n72,n153,Undirected,e747,,,1,1
n1,n153,Undirected,e748,,,1,1
n2,n153,Undirected,e749,,,1,1
n152,n153,Undirected,e750,,,1,1
n4,n153,Undirected,e751,,,1,1
n4,n152,Undirected,e752,,,1,1
n1,n152,Undirected,e753,,,1,1
n2,n152,Undirected,e754,,,1,1
n1,n154,Undirected,e755,,,3,3
n2,n154,Undirected,e756,,,3,3
n155,n156,Undirected,e757,,,1,1
n155,n157,Undirected,e758,,,1,1
n155,n158,Undirected,e759,,,1,1
n155,n159,Undirected,e760,,,1,1
n155,n168,Undirected,e761,,,1,1
n155,n169,Undirected,e762,,,1,1
n155,n160,Undirected,e763,,,1,1
n2,n155,Undirected,e764,,,1,1
n155,n161,Undirected,e765,,,1,1
n155,n162,Undirected,e766,,,1,1
n156,n162,Undirected,e767,,,1,1
n157,n162,Undirected,e768,,,1,1
n158,n162,Undirected,e769,,,1,1
n159,n162,Undirected,e770,,,1,1
n168,n162,Undirected,e771,,,1,1
n169,n162,Undirected,e772,,,1,1
n160,n162,Undirected,e773,,,1,1
n2,n162,Undirected,e774,,,1,1
n161,n162,Undirected,e775,,,1,1
n156,n161,Undirected,e776,,,1,1
n157,n161,Undirected,e777,,,1,1
n158,n161,Undirected,e778,,,1,1
n159,n161,Undirected,e779,,,1,1
n168,n161,Undirected,e780,,,1,1
n169,n161,Undirected,e781,,,1,1
n160,n161,Undirected,e782,,,1,1
n2,n161,Undirected,e783,,,1,1
n2,n156,Undirected,e784,,,1,1
n2,n157,Undirected,e785,,,1,1
n2,n158,Undirected,e786,,,1,1
n2,n159,Undirected,e787,,,1,1
n2,n168,Undirected,e788,,,1,1
n2,n169,Undirected,e789,,,1,1
n2,n160,Undirected,e790,,,1,1
n156,n160,Undirected,e791,,,1,1
n157,n160,Undirected,e792,,,1,1
n158,n160,Undirected,e793,,,1,1
n159,n160,Undirected,e794,,,1,1
n168,n160,Undirected,e795,,,1,1
n169,n160,Undirected,e796,,,1,1
n156,n169,Undirected,e797,,,1,1
n157,n169,Undirected,e798,,,1,1
n158,n169,Undirected,e799,,,1,1
n159,n169,Undirected,e800,,,1,1
n168,n169,Undirected,e801,,,1,1
n156,n168,Undirected,e802,,,1,1
n157,n168,Undirected,e803,,,1,1
n158,n168,Undirected,e804,,,1,1
n159,n168,Undirected,e805,,,1,1
n156,n159,Undirected,e806,,,1,1
n157,n159,Undirected,e807,,,1,1
n158,n159,Undirected,e808,,,1,1
n156,n158,Undirected,e809,,,1,1
n157,n158,Undirected,e810,,,1,1
n156,n157,Undirected,e811,,,1,1
n163,n164,Undirected,e812,,,1,1
n2,n163,Undirected,e813,,,1,1
n163,n165,Undirected,e814,,,1,1
n163,n166,Undirected,e815,,,1,1
n163,n167,Undirected,e816,,,1,1
n164,n167,Undirected,e817,,,1,1
n2,n167,Undirected,e818,,,1,1
n165,n167,Undirected,e819,,,1,1
n166,n167,Undirected,e820,,,1,1
n164,n166,Undirected,e821,,,1,1
n2,n166,Undirected,e822,,,1,1
n165,n166,Undirected,e823,,,1,1
n164,n165,Undirected,e824,,,1,1
n2,n165,Undirected,e825,,,1,1
n2,n164,Undirected,e826,,,1,1
n4,n154,Undirected,e827,,,1,1
n72,n154,Undirected,e828,,,1,1
n168,n170,Undirected,e829,,,1,1
n169,n170,Undirected,e830,,,1,1
n2,n170,Undirected,e831,,,1,1
n171,n172,Undirected,e832,,,1,1
n171,n173,Undirected,e833,,,1,1
n171,n174,Undirected,e834,,,1,1
n171,n175,Undirected,e835,,,1,1
n2,n171,Undirected,e836,,,1,1
n171,n176,Undirected,e837,,,1,1
n172,n176,Undirected,e838,,,1,1
n173,n176,Undirected,e839,,,1,1
n174,n176,Undirected,e840,,,1,1
n175,n176,Undirected,e841,,,1,1
n2,n176,Undirected,e842,,,1,1
n2,n172,Undirected,e843,,,1,1
n2,n173,Undirected,e844,,,3,3
n2,n174,Undirected,e845,,,1,1
n2,n175,Undirected,e846,,,1,1
n172,n175,Undirected,e847,,,1,1
n173,n175,Undirected,e848,,,1,1
n174,n175,Undirected,e849,,,1,1
n172,n174,Undirected,e850,,,1,1
n173,n174,Undirected,e851,,,1,1
n172,n173,Undirected,e852,,,1,1
n177,n178,Undirected,e853,,,1,1
n177,n179,Undirected,e854,,,1,1
n2,n177,Undirected,e855,,,1,1
n177,n180,Undirected,e856,,,1,1
n177,n181,Undirected,e857,,,1,1
n178,n181,Undirected,e858,,,1,1
n179,n181,Undirected,e859,,,1,1
n2,n181,Undirected,e860,,,1,1
n180,n181,Undirected,e861,,,1,1
n178,n180,Undirected,e862,,,1,1
n179,n180,Undirected,e863,,,1,1
n2,n180,Undirected,e864,,,1,1
n2,n178,Undirected,e865,,,1,1
n2,n179,Undirected,e866,,,1,1
n178,n179,Undirected,e867,,,1,1
n182,n183,Undirected,e868,,,2,2
n182,n184,Undirected,e869,,,2,2
n2,n182,Undirected,e870,,,2,2
n182,n185,Undirected,e871,,,2,2
n183,n185,Undirected,e872,,,2,2
n184,n185,Undirected,e873,,,2,2
n2,n185,Undirected,e874,,,2,2
n2,n184,Undirected,e875,,,2,2
n183,n184,Undirected,e876,,,2,2
n1,n186,Undirected,e877,,,1,1
n154,n186,Undirected,e878,,,1,1
n2,n186,Undirected,e879,,,1,1
n187,n188,Undirected,e880,,,1,1
n2,n187,Undirected,e881,,,2,2
n187,n189,Undirected,e882,,,1,1
n188,n189,Undirected,e883,,,1,1
n2,n189,Undirected,e884,,,1,1
n2,n188,Undirected,e885,,,1,1
n181,n190,Undirected,e886,,,1,1
n181,n191,Undirected,e887,,,1,1
n181,n192,Undirected,e888,,,1,1
n2,n190,Undirected,e889,,,1,1
n2,n191,Undirected,e890,,,1,1
n2,n192,Undirected,e891,,,1,1
n190,n192,Undirected,e892,,,1,1
n191,n192,Undirected,e893,,,1,1
n190,n191,Undirected,e894,,,1,1
n60,n193,Undirected,e895,,,1,1
n60,n194,Undirected,e896,,,1,1
n60,n195,Undirected,e897,,,1,1
n2,n193,Undirected,e898,,,1,1
n2,n194,Undirected,e899,,,1,1
n2,n195,Undirected,e900,,,1,1
n125,n195,Undirected,e901,,,1,1
n193,n195,Undirected,e902,,,1,1
n194,n195,Undirected,e903,,,1,1
n78,n195,Undirected,e904,,,1,1
n78,n193,Undirected,e905,,,1,1
n78,n194,Undirected,e906,,,1,1
n125,n194,Undirected,e907,,,1,1
n193,n194,Undirected,e908,,,1,1
n125,n193,Undirected,e909,,,1,1
n196,n197,Undirected,e910,,,1,1
n196,n198,Undirected,e911,,,1,1
n196,n199,Undirected,e912,,,1,1
n196,n200,Undirected,e913,,,1,1
n196,n201,Undirected,e914,,,1,1
n2,n196,Undirected,e915,,,1,1
n196,n202,Undirected,e916,,,1,1
n196,n203,Undirected,e917,,,1,1
n196,n204,Undirected,e918,,,1,1
n91,n196,Undirected,e919,,,1,1
n91,n197,Undirected,e920,,,1,1
n91,n198,Undirected,e921,,,1,1
n91,n199,Undirected,e922,,,1,1
n91,n200,Undirected,e923,,,1,1
n91,n201,Undirected,e924,,,1,1
n91,n202,Undirected,e925,,,1,1
n91,n203,Undirected,e926,,,1,1
n91,n204,Undirected,e927,,,1,1
n197,n204,Undirected,e928,,,1,1
n198,n204,Undirected,e929,,,1,1
n199,n204,Undirected,e930,,,1,1
n200,n204,Undirected,e931,,,1,1
n201,n204,Undirected,e932,,,1,1
n2,n204,Undirected,e933,,,1,1
n202,n204,Undirected,e934,,,1,1
n203,n204,Undirected,e935,,,1,1
n197,n203,Undirected,e936,,,1,1
n198,n203,Undirected,e937,,,1,1
n199,n203,Undirected,e938,,,1,1
n200,n203,Undirected,e939,,,1,1
n201,n203,Undirected,e940,,,1,1
n2,n203,Undirected,e941,,,1,1
n202,n203,Undirected,e942,,,1,1
n197,n202,Undirected,e943,,,1,1
n198,n202,Undirected,e944,,,1,1
n199,n202,Undirected,e945,,,1,1
n200,n202,Undirected,e946,,,1,1
n201,n202,Undirected,e947,,,1,1
n2,n202,Undirected,e948,,,1,1
n2,n197,Undirected,e949,,,1,1
n2,n198,Undirected,e950,,,1,1
n2,n199,Undirected,e951,,,1,1
n2,n200,Undirected,e952,,,1,1
n2,n201,Undirected,e953,,,1,1
n197,n201,Undirected,e954,,,1,1
n198,n201,Undirected,e955,,,1,1
n199,n201,Undirected,e956,,,1,1
n200,n201,Undirected,e957,,,1,1
n197,n200,Undirected,e958,,,1,1
n198,n200,Undirected,e959,,,1,1
n199,n200,Undirected,e960,,,1,1
n197,n199,Undirected,e961,,,1,1
n198,n199,Undirected,e962,,,1,1
n197,n198,Undirected,e963,,,1,1
n60,n205,Undirected,e964,,,1,1
n125,n205,Undirected,e965,,,1,1
n78,n205,Undirected,e966,,,1,1
n2,n205,Undirected,e967,,,1,1
n91,n206,Undirected,e968,,,1,1
n91,n207,Undirected,e969,,,1,1
n206,n207,Undirected,e970,,,2,2
n2,n207,Undirected,e971,,,2,2
n2,n206,Undirected,e972,,,2,2
n1,n207,Undirected,e973,,,1,1
n1,n206,Undirected,e974,,,1,1
n4,n206,Undirected,e975,,,1,1
n4,n207,Undirected,e976,,,1,1
n60,n208,Undirected,e977,,,1,1
n78,n208,Undirected,e978,,,1,1
n125,n208,Undirected,e979,,,1,1
n2,n208,Undirected,e980,,,1,1
n1,n209,Undirected,e981,,,1,1
n1,n187,Undirected,e982,,,1,1
n2,n209,Undirected,e983,,,1,1
n209,n187,Undirected,e984,,,1,1
n90,n210,Undirected,e985,,,1,1
n2,n210,Undirected,e986,,,1,1
n210,n211,Undirected,e987,,,1,1
n210,n212,Undirected,e988,,,1,1
n90,n212,Undirected,e989,,,1,1
n2,n212,Undirected,e990,,,1,1
n211,n212,Undirected,e991,,,1,1
n90,n211,Undirected,e992,,,1,1
n213,n214,Undirected,e993,,,1,1
n90,n213,Undirected,e994,,,1,1
n2,n213,Undirected,e995,,,1,1
n213,n215,Undirected,e996,,,1,1
n214,n215,Undirected,e997,,,1,1
n90,n215,Undirected,e998,,,1,1
n2,n215,Undirected,e999,,,1,1
n2,n214,Undirected,e1000,,,1,1
n90,n214,Undirected,e1001,,,1,1
n147,n216,Undirected,e1002,,,1,1
n147,n217,Undirected,e1003,,,1,1
n76,n147,Undirected,e1004,,,1,1
n147,n218,Undirected,e1005,,,1,1
n216,n218,Undirected,e1006,,,1,1
n217,n218,Undirected,e1007,,,1,1
n2,n218,Undirected,e1008,,,1,1
n76,n218,Undirected,e1009,,,1,1
n76,n216,Undirected,e1010,,,1,1
n76,n217,Undirected,e1011,,,1,1
n2,n216,Undirected,e1012,,,2,2
n2,n217,Undirected,e1013,,,1,1
n216,n217,Undirected,e1014,,,1,1
n173,n219,Undirected,e1015,,,2,2
n219,n220,Undirected,e1016,,,1,1
n219,n206,Undirected,e1017,,,2,2
n216,n219,Undirected,e1018,,,1,1
n219,n221,Undirected,e1019,,,1,1
n2,n219,Undirected,e1020,,,2,2
n2,n220,Undirected,e1021,,,1,1
n2,n221,Undirected,e1022,,,1,1
n173,n221,Undirected,e1023,,,1,1
n220,n221,Undirected,e1024,,,1,1
n206,n221,Undirected,e1025,,,1,1
n216,n221,Undirected,e1026,,,1,1
n173,n216,Undirected,e1027,,,1,1
n216,n220,Undirected,e1028,,,1,1
n216,n206,Undirected,e1029,,,1,1
n173,n206,Undirected,e1030,,,2,2
n220,n206,Undirected,e1031,,,1,1
n173,n220,Undirected,e1032,,,1,1
n187,n222,Undirected,e1033,,,1,1
n2,n222,Undirected,e1034,,,1,1
n224,n225,Undirected,e1039,,,1,1
n2,n224,Undirected,e1040,,,1,1
n224,n226,Undirected,e1041,,,1,1
n225,n226,Undirected,e1042,,,1,1
n2,n226,Undirected,e1043,,,1,1
n2,n225,Undirected,e1044,,,2,2
n29,n227,Undirected,e1045,,,1,1
n2,n227,Undirected,e1046,,,1,1
n228,n229,Undirected,e1047,,,1,1
n156,n228,Undirected,e1048,,,1,1
n225,n228,Undirected,e1049,,,1,1
n2,n228,Undirected,e1050,,,1,1
n2,n229,Undirected,e1051,,,2,2
n225,n229,Undirected,e1052,,,1,1
n156,n225,Undirected,e1053,,,1,1
n156,n229,Undirected,e1054,,,1,1
n216,n230,Undirected,e1055,,,1,1
n230,n231,Undirected,e1056,,,1,1
n2,n230,Undirected,e1057,,,1,1
n230,n232,Undirected,e1058,,,1,1
n230,n233,Undirected,e1059,,,1,1
n216,n233,Undirected,e1060,,,1,1
n231,n233,Undirected,e1061,,,1,1
n2,n233,Undirected,e1062,,,2,2
n232,n233,Undirected,e1063,,,1,1
n216,n232,Undirected,e1064,,,1,1
n231,n232,Undirected,e1065,,,1,1
n2,n232,Undirected,e1066,,,1,1
n2,n231,Undirected,e1067,,,1,1
n216,n231,Undirected,e1068,,,1,1
n229,n234,Undirected,e1069,,,1,1
n91,n234,Undirected,e1070,,,1,1
n2,n234,Undirected,e1071,,,1,1
n91,n229,Undirected,e1072,,,1,1
n26,n235,Undirected,e1073,,,1,1
n233,n26,Undirected,e1074,,,1,1
n233,n22,Undirected,e1075,,,1,1
n233,n29,Undirected,e1076,,,1,1
n233,n235,Undirected,e1077,,,1,1
n22,n235,Undirected,e1078,,,1,1
n2,n235,Undirected,e1079,,,1,1
n29,n235,Undirected,e1080,,,1,1
n235,n236,Undirected,e1081,,,1,1
n235,n237,Undirected,e1082,,,1,1
n236,n237,Undirected,e1083,,,1,1
n2,n237,Undirected,e1084,,,1,1
n2,n236,Undirected,e1085,,,1,1
n164,n238,Undirected,e1086,,,1,1
n2,n238,Undirected,e1087,,,1,1
n239,n240,Undirected,e1088,,,1,1
n2,n239,Undirected,e1089,,,1,1
n2,n240,Undirected,e1090,,,1,1
n219,0,Undirected,0,,,1,1
n2,0,Undirected,1,,,1,1
n206,0,Undirected,2,,,1,1
n173,0,Undirected,3,,,1,1
0,n150,Undirected,4,,,1,1
0,n183,Undirected,5,,,1,1
n148,0,Undirected,6,,,1,1
n147,0,Undirected,7,,,1,1
